<?xml version="1.0" encoding="ISO-8859-1"?>
<VehicleList>
	<Category name="Super">
		<Vehicle name="PFISTER811" /><!-- 811 -->
		<Vehicle name="ADDER" />
		<Vehicle name="AUTARCH" />
		<Vehicle name="BANSHEE2" /><!-- Banshee 900R -->
		<Vehicle name="BULLET" />
		<Vehicle name="CHEETAH" />
		<Vehicle name="CYCLONE" />
		<Vehicle name="DEVESTE" />
		<Vehicle name="EMERUS" />
		<Vehicle name="ENTITYXF" />
		<Vehicle name="ENTITY2" /><!-- Entity XXR -->
		<Vehicle name="SHEAVA" /><!-- ETR1 -->
		<Vehicle name="FMJ" />
		<Vehicle name="GP1" />
		<Vehicle name="INFERNUS" />
		<Vehicle name="ITALIGTB" />
		<Vehicle name="ITALIGTB2" /><!-- Itali GTB Custom -->
		<Vehicle name="KRIEGER" />
		<Vehicle name="OSIRIS" />
		<Vehicle name="NERO" />
		<Vehicle name="NERO2" /><!-- Nero Custom -->
		<Vehicle name="PENETRATOR" />
		<Vehicle name="LE7B" /><!-- RE-7B -->
		<Vehicle name="REAPER" />
		<Vehicle name="VOLTIC2" /><!-- Rocket Voltic -->
		<Vehicle name="S80" />
		<Vehicle name="SC1" />
		<Vehicle name="SCRAMJET" />
		<Vehicle name="SULTANRS" />
		<Vehicle name="T20" />
		<Vehicle name="TAIPAN" />
		<Vehicle name="TEMPESTA" />
		<Vehicle name="TEZERACT" />
		<Vehicle name="THRAX" />
		<Vehicle name="TURISMOR" />
		<Vehicle name="TYRANT" />
		<Vehicle name="TYRUS" />
		<Vehicle name="VACCA" />
		<Vehicle name="VAGNER" />
		<Vehicle name="VIGILANTE" />
		<Vehicle name="VISIONE" />
		<Vehicle name="VOLTIC" />
		<Vehicle name="PROTOTIPO" /><!-- X80 Proto -->
		<Vehicle name="XA21" />
		<Vehicle name="ZENTORNO" />
		<Vehicle name="ZORRUSSO" />
	</Category>
	<Category name="Coupe">
		<Vehicle name="COGCABRIO" />
		<Vehicle name="EXEMPLAR" />
		<Vehicle name="F620" />
		<Vehicle name="FELON" />
		<Vehicle name="FELON2" /><!-- Felon GT -->
		<Vehicle name="JACKAL" />
		<Vehicle name="ORACLE" />
		<Vehicle name="ORACLE2" /><!-- Oracle XS -->
		<Vehicle name="SENTINEL2" /><!-- Sentinel -->
		<Vehicle name="SENTINEL" /><!-- Sentinel XS -->
		<Vehicle name="WINDSOR" />
		<Vehicle name="WINDSOR2" /><!-- Windsor Drop -->
		<Vehicle name="ZION" />
		<Vehicle name="ZION2" /><!-- Zion Cabrio -->
	</Category>
	<Category name="Sport">
		<Vehicle name="DRAFTER" /><!-- 8F Drafter -->
		<Vehicle name="NINEF" />
		<Vehicle name="NINEF2" /><!-- 9F Cabrio -->
		<Vehicle name="ALPHA" />
		<Vehicle name="ZR380" /><!-- Apocalypse ZR380 -->
		<Vehicle name="BANSHEE" />
		<Vehicle name="BESTIAGTS" />
		<Vehicle name="BLISTA2" /><!-- Blista Compact -->
		<Vehicle name="BUFFALO" />
		<Vehicle name="BUFFALO2" /><!-- Buffalo S -->
		<Vehicle name="CARBONIZZARE" />
		<Vehicle name="COMET2" /><!-- Comet -->
		<Vehicle name="COMET3" /><!-- Comet Retro Custom -->
		<Vehicle name="COMET4" /><!-- Comet Safari -->
		<Vehicle name="COMET5" /><!-- Comet SR -->
		<Vehicle name="COQUETTE" />
		<Vehicle name="TAMPA2" /><!-- Drift Tampa -->
		<Vehicle name="ELEGY" /><!-- Elegy Retro Custom -->
		<Vehicle name="ELEGY2" /><!-- Elegy RH8 -->
		<Vehicle name="FELTZER2" /><!-- Feltzer -->
		<Vehicle name="FLASHGT" />
		<Vehicle name="FUROREGT" />
		<Vehicle name="FUSILADE" />
		<Vehicle name="FUTO" />
		<Vehicle name="ZR3802" /><!-- Future Shock ZR380 -->
		<Vehicle name="GB200" />
		<Vehicle name="BLISTA3" /><!-- Go Go Monkey Blista -->
		<Vehicle name="HOTRING" />
		<Vehicle name="ISSI7" /><!-- Issi Sport -->
		<Vehicle name="ITALIGTO" />
		<Vehicle name="JESTER" />
		<Vehicle name="JESTER2" /><!-- Jester (Racecar) -->
		<Vehicle name="JESTER3" /><!-- Jester Classic -->
		<Vehicle name="JUGULAR" />
		<Vehicle name="KHAMELION" />
		<Vehicle name="KURUMA" />
		<Vehicle name="KURUMA2" /><!-- Kuruma (Armored) -->
		<Vehicle name="LOCUST" />
		<Vehicle name="LYNX" />
		<Vehicle name="MASSACRO" />
		<Vehicle name="MASSACRO2" /><!-- Massacro (Racecar) -->
		<Vehicle name="NEO" />
		<Vehicle name="NEON" />
		<Vehicle name="ZR3803" /><!-- Nightmare ZR380 -->
		<Vehicle name="OMNIS" />
		<Vehicle name="PARAGON" />
		<Vehicle name="PARAGON2" /><!-- Paragon R (Armored) -->
		<Vehicle name="PARIAH" />
		<Vehicle name="PENUMBRA" />
		<Vehicle name="RAIDEN" />
		<Vehicle name="RAPIDGT" />
		<Vehicle name="RAPIDGT2" /><!-- Rapid GT Cabrio -->
		<Vehicle name="RAPTOR" />
		<Vehicle name="REVOLTER" />
		<Vehicle name="RUSTON" />
		<Vehicle name="SCHAFTER4" /><!-- Schafter LWB -->
		<Vehicle name="SCHAFTER3" /><!-- Schafter V12 -->
		<Vehicle name="SCHLAGEN" />
		<Vehicle name="SCHWARZER" />
		<Vehicle name="SENTINEL3" /><!-- Sentinel Classic -->
		<Vehicle name="SEVEN70" />
		<Vehicle name="SPECTER" />
		<Vehicle name="SPECTER2" /><!-- Specter Custom -->
		<Vehicle name="BUFFALO3" /><!-- Sprunk Buffalo -->
		<Vehicle name="STREITER" />
		<Vehicle name="SULTAN" />
		<Vehicle name="SURANO" />
		<Vehicle name="TROPOS" />
		<Vehicle name="VERLIERER2" />
	</Category>
	<Category name="Muscle">
		<Vehicle name="DOMINATOR4" /><!-- Apocalypse Dominator -->
		<Vehicle name="IMPALER2" /><!-- Apocalypse Impaler -->
		<Vehicle name="IMPERATOR" /><!-- Apocalypse Imperator -->
		<Vehicle name="SLAMVAN4" /><!-- Apocalypse Slamvan -->
		<Vehicle name="BLADE" />
		<Vehicle name="BUCCANEER" />
		<Vehicle name="BUCCANEER2" /><!-- Buccaneer Custom -->
		<Vehicle name="STALION2" /><!-- Burger Shot Stallion -->
		<Vehicle name="CHINO" />
		<Vehicle name="CHINO2" /><!-- Chino Custom -->
		<Vehicle name="CLIQUE" />
		<Vehicle name="COQUETTE3" /><!-- Coquette BlackFin -->
		<Vehicle name="DEVIANT" />
		<Vehicle name="DOMINATOR" />
		<Vehicle name="DOMINATOR3" /><!-- Dominator GTX -->
		<Vehicle name="DUKES2" /><!-- Duke O'Death -->
		<Vehicle name="DUKES" />
		<Vehicle name="ELLIE" />
		<Vehicle name="FACTION" />
		<Vehicle name="FACTION2" /><!-- Faction Custom -->
		<Vehicle name="FACTION3" /><!-- Faction Custom Donk -->
		<Vehicle name="DOMINATOR5" /><!-- Future Shock Dominator -->
		<Vehicle name="IMPALER3" /><!-- Future Shock Impaler -->
		<Vehicle name="IMPERATOR2" /><!-- Future Shock Imperator -->
		<Vehicle name="SLAMVAN5" /><!-- Future Shock Slamvan -->
		<Vehicle name="GAUNTLET" />
		<Vehicle name="GAUNTLET3" /><!-- Gauntlet Classic -->
		<Vehicle name="GAUNTLET4" /><!-- Gauntlet Hellfire -->
		<Vehicle name="HERMES" />
		<Vehicle name="HOTKNIFE" />
		<Vehicle name="HUSTLER" />
		<Vehicle name="IMPALER" />
		<Vehicle name="SLAMVAN2" /><!-- Lost Slamvan -->
		<Vehicle name="LURCHER" />
		<Vehicle name="MOONBEAM" />
		<Vehicle name="MOONBEAM2" /><!-- Moonbeam Custom -->
		<Vehicle name="DOMINATOR6" /><!-- Nightmare Dominator -->
		<Vehicle name="IMPALER4" /><!-- Nightmare Impaler -->
		<Vehicle name="IMPERATOR3" /><!-- Nightmare Imperator -->
		<Vehicle name="SLAMVAN6" /><!-- Nightmare Slamvan -->
		<Vehicle name="NIGHTSHADE" />
		<Vehicle name="PEYOTE2" /><!-- Peyote Gasser -->
		<Vehicle name="PHOENIX" />
		<Vehicle name="PICADOR" />
		<Vehicle name="DOMINATOR2" /><!-- Pisswasser Dominator -->
		<Vehicle name="RATLOADER" />
		<Vehicle name="RATLOADER2" /><!-- Rat-Truck -->
		<Vehicle name="GAUNTLET2" /><!-- Redwood Gauntlet -->
		<Vehicle name="RUINER" />
		<Vehicle name="RUINER3" /><!-- Ruiner 2000 wreck -->
		<Vehicle name="RUINER2" /><!-- Ruiner 2000 -->
		<Vehicle name="SABREGT" />
		<Vehicle name="SABREGT2" /><!-- Sabre Turbo Custom -->
		<Vehicle name="SLAMVAN" />
		<Vehicle name="SLAMVAN3" /><!-- Slamvan Custom -->
		<Vehicle name="STALION" />
		<Vehicle name="TAMPA" />
		<Vehicle name="TULIP" />
		<Vehicle name="VAMOS" />
		<Vehicle name="VIGERO" />
		<Vehicle name="VIRGO" />
		<Vehicle name="VIRGO3" /><!-- Virgo Classic -->
		<Vehicle name="VIRGO2" /><!-- Virgo Classic Custom -->
		<Vehicle name="VOODOO" />
		<Vehicle name="VOODOO2" /><!-- Voodoo Custom -->
		<Vehicle name="TAMPA3" /><!-- Weaponized Tampa -->
		<Vehicle name="YOSEMITE" />
	</Category>
	<Category name="SportsClassic">
		<Vehicle name="Z190" /><!-- 190z -->
		<Vehicle name="ARDENT" />
		<Vehicle name="CASCO" />
		<Vehicle name="CHEBUREK" />
		<Vehicle name="CHEETAH2" /><!-- Cheetah Classic -->
		<Vehicle name="COQUETTE2" /><!-- Coquette Classic -->
		<Vehicle name="DELUXO" />
		<Vehicle name="DYNASTY" />
		<Vehicle name="FAGALOA" />
		<Vehicle name="BTYPE2" /><!-- Fränken Stange -->
		<Vehicle name="GT500" />
		<Vehicle name="INFERNUS2" /><!-- Infernus Classic -->
		<Vehicle name="JB700" />
		<Vehicle name="MAMBA" />
		<Vehicle name="MANANA" />
		<Vehicle name="MICHELLI" />
		<Vehicle name="MONROE" />
		<Vehicle name="NEBULA" />
		<Vehicle name="PEYOTE" />
		<Vehicle name="PIGALLE" />
		<Vehicle name="RAPIDGT3" /><!-- Rapid GT Classic -->
		<Vehicle name="RETINUE" />
		<Vehicle name="BTYPE" /><!-- Roosevelt -->
		<Vehicle name="BTYPE3" /><!-- Roosevelt Valor -->
		<Vehicle name="SAVESTRA" />
		<Vehicle name="STINGER" />
		<Vehicle name="STINGERGT" />
		<Vehicle name="FELTZER3" /><!-- Stirling GT -->
		<Vehicle name="STROMBERG" />
		<Vehicle name="SWINGER" />
		<Vehicle name="TORERO" />
		<Vehicle name="TORNADO" />
		<Vehicle name="TORNADO2" /><!-- Tornado Cabrio -->
		<Vehicle name="TORNADO3" /><!-- Rusty Tornado -->
		<Vehicle name="TORNADO4" /><!-- Mariachi Tornado -->
		<Vehicle name="TORNADO5" /><!-- Tornado Custom -->
		<Vehicle name="TORNADO6" /><!-- Tornado Rat Rod -->
		<Vehicle name="TURISMO2" /><!-- Turismo Classic -->
		<Vehicle name="VISERIS" />
		<Vehicle name="ZTYPE" />
		<Vehicle name="ZION3" /><!-- Zion Classic -->
	</Category>
	<Category name="Truck"><!-- Commercial + Industrial -->
		<Vehicle name="CERBERUS" /><!-- Apocalypse Cerberus -->
		<Vehicle name="BENSON" />
		<Vehicle name="BIFF" />
		<Vehicle name="CUTTER" />
		<Vehicle name="HANDLER" /><!-- Dock Handler -->
		<Vehicle name="DUMP" />
		<Vehicle name="FLATBED" />
		<Vehicle name="CERBERUS2" /><!-- Future Shock Cerberus -->
		<Vehicle name="GUARDIAN" />
		<Vehicle name="HAULER" />
		<Vehicle name="HAULER2" /><!-- Hauler Custom -->
		<Vehicle name="MIXER" />
		<Vehicle name="MIXER2" /><!-- Mixer 8-wheel variant -->
		<Vehicle name="MULE" />
		<Vehicle name="MULE2" /><!-- Mule ramp door variant -->
		<Vehicle name="MULE3" /><!-- Mule heist variant -->
		<Vehicle name="MULE4" /><!-- Mule Custom -->
		<Vehicle name="CERBERUS3" /><!-- Nightmare Cerberus -->
		<Vehicle name="PACKER" />
		<Vehicle name="PHANTOM" />
		<Vehicle name="PHANTOM3" /><!-- Phantom Custom -->
		<Vehicle name="PHANTOM2" /><!-- Phantom Wedge -->
		<Vehicle name="POUNDER" />
		<Vehicle name="POUNDER2" /><!-- Pounder Custom -->
		<Vehicle name="RUBBLE" />
		<Vehicle name="STOCKADE" /><!-- Securicar -->
		<Vehicle name="STOCKADE3" /><!-- Securicar North Yankton variant -->
		<Vehicle name="TERBYTE" />
		<Vehicle name="TIPTRUCK" /><!-- Tipper 4-wheel variant -->
		<Vehicle name="TIPTRUCK2" /><!-- Tipper 6-wheel variant -->
	</Category>
	<Category name="Sedan">
		<Vehicle name="ASEA" />
		<Vehicle name="ASEA2" /><!-- Asea North Yankton variant -->
		<Vehicle name="ASTEROPE" />
		<Vehicle name="COGNOSCENTI" />
		<Vehicle name="COGNOSCENTI2" /><!-- Cognoscenti (Armored) -->
		<Vehicle name="COG55" /><!-- Cognoscenti 55 -->
		<Vehicle name="COG552" /><!-- Cognoscenti 55 (Armored) -->
		<Vehicle name="EMPEROR" />
		<Vehicle name="EMPEROR2" /><!-- Emperor beater variant -->
		<Vehicle name="EMPEROR3" /><!-- Emperor North Yankton variant -->
		<Vehicle name="FUGITIVE" />
		<Vehicle name="GLENDALE" />
		<Vehicle name="INGOT" />
		<Vehicle name="INTRUDER" />
		<Vehicle name="PREMIER" />
		<Vehicle name="PRIMO" />
		<Vehicle name="PRIMO2" /><!-- Primo Custom -->
		<Vehicle name="REGINA" />
		<Vehicle name="ROMERO" />
		<Vehicle name="SCHAFTER2" />
		<Vehicle name="SCHAFTER6" /><!-- Schafter LWB (Armored) -->
		<Vehicle name="SCHAFTER5" /><!-- Schafter V12 (Armored) -->
		<Vehicle name="STAFFORD" />
		<Vehicle name="STANIER" />
		<Vehicle name="STRATUM" />
		<Vehicle name="STRETCH" />
		<Vehicle name="SUPERD" />
		<Vehicle name="SURGE" />
		<Vehicle name="TAILGATER" />
		<Vehicle name="LIMO2" /><!-- Turreted Limo -->
		<Vehicle name="WARRENER" />
		<Vehicle name="WASHINGTON" />
	</Category>
	<Category name="Offroad">
		<Vehicle name="BRUISER" /><!-- Apocalypse Bruiser -->
		<Vehicle name="BRUTUS" /><!-- Apocalypse Brutus -->
		<Vehicle name="MONSTER3" /><!-- Apocalypse Sasquatch -->
		<Vehicle name="BIFTA" />
		<Vehicle name="BLAZER" />
		<Vehicle name="BLAZER5" /><!-- Blazer Aqua -->
		<Vehicle name="BLAZER2" /><!-- Blazer Lifeguard -->
		<Vehicle name="BODHI2" />
		<Vehicle name="BRAWLER" />
		<Vehicle name="CARACARA" />
		<Vehicle name="CARACARA2" /><!-- Caracara 4x4 -->
		<Vehicle name="TROPHYTRUCK2" /><!-- Desert Raid -->
		<Vehicle name="DUBSTA3" /><!-- Dubsta 6x6 -->
		<Vehicle name="DUNE" />
		<Vehicle name="DUNE3" /><!-- Dune FAV -->
		<Vehicle name="DLOADER" />
		<Vehicle name="FREECRAWLER" />
		<Vehicle name="BRUISER2" /><!-- Future Shock Bruiser -->
		<Vehicle name="BRUTUS2" /><!-- Future Shock Brutus -->
		<Vehicle name="MONSTER4" /><!-- Future Shock Sasquatch -->
		<Vehicle name="HELLION">
		<Vehicle name="BLAZER3" /><!-- Hot Rod Blazer -->
		<Vehicle name="BFINJECTION" />
		<Vehicle name="INSURGENT" />
		<Vehicle name="INSURGENT2" /><!-- Insurgent Pick-Up -->
		<Vehicle name="INSURGENT3" /><!-- Insurgent Pick-Up Custom -->
		<Vehicle name="KALAHARI" />
		<Vehicle name="KAMACHO" />
		<Vehicle name="MONSTER" /><!-- Liberator -->
		<Vehicle name="MARSHALL" />
		<Vehicle name="MENACER" />
		<Vehicle name="MESA3" /><!-- Merryweather Mesa -->
		<Vehicle name="BRUISER3" /><!-- Nightmare Bruiser -->
		<Vehicle name="BRUTUS3" /><!-- Nightmare Brutus -->
		<Vehicle name="MONSTER5" /><!-- Nightmare Sasquatch -->
		<Vehicle name="NIGHTSHARK" />
		<Vehicle name="DUNE4" /><!-- Ramp Buggy mission variant -->
		<Vehicle name="DUNE5" /><!-- Ramp Buggy -->
		<Vehicle name="RANCHERXL" />
		<Vehicle name="RANCHERXL2" /><!-- Rancher XL North Yankton variant -->
		<Vehicle name="RCBANDITO" />
		<Vehicle name="REBEL2" />
		<Vehicle name="RIATA" />
		<Vehicle name="REBEL" /><!-- Rusty Rebel -->
		<Vehicle name="SANDKING2" /><!-- Sandking SWB -->
		<Vehicle name="SANDKING" /><!-- Sandking XL -->
		<Vehicle name="DUNE2" /><!-- Space Docker -->
		<Vehicle name="BLAZER4" /><!-- Street Blazer -->
		<Vehicle name="TECHNICAL" />
		<Vehicle name="TECHNICAL2" /><!-- Technical Aqua -->
		<Vehicle name="TECHNICAL3" /><!-- Technical Custom -->
		<Vehicle name="TROPHYTRUCK" />
	</Category>
	<Category name="SUV">
		<Vehicle name="BALLER" />
		<Vehicle name="BALLER2" /><!-- Baller 2nd gen variant -->
		<Vehicle name="BALLER3" /><!-- Baller LE -->
		<Vehicle name="BALLER5" /><!-- Baller LE (Armored) -->
		<Vehicle name="BALLER4" /><!-- Baller LE LWB -->
		<Vehicle name="BALLER6" /><!-- Baller LE LWB (Armored) -->
		<Vehicle name="BJXL" />
		<Vehicle name="CAVALCADE" />
		<Vehicle name="CAVALCADE2" /><!-- Cavalcade 2nd gen variant -->
		<Vehicle name="CONTENDER" />
		<Vehicle name="DUBSTA" />
		<Vehicle name="DUBSTA2" /><!-- Dubsta black variant -->
		<Vehicle name="FQ2" />
		<Vehicle name="GRANGER" />
		<Vehicle name="GRESLEY" />
		<Vehicle name="HABANERO" />
		<Vehicle name="HUNTLEY" />
		<Vehicle name="LANDSTALKER" />
		<Vehicle name="MESA" />
		<Vehicle name="MESA2" /><!-- Mesa North Yankton variant -->
		<Vehicle name="NOVAK" />
		<Vehicle name="PATRIOT" />
		<Vehicle name="PATRIOT2" /><!-- Patriot Stretch -->
		<Vehicle name="RADI" />
		<Vehicle name="ROCOTO" />
		<Vehicle name="SEMINOLE" />
		<Vehicle name="SERRANO" />
		<Vehicle name="TOROS" />
		<Vehicle name="XLS" />
		<Vehicle name="XLS2" /><!-- XLS (Armored) -->
	</Category>
	<Category name="Compact">
		<Vehicle name="ISSI4" /><!-- Apocalypse Issi -->
		<Vehicle name="BLISTA" />
		<Vehicle name="BRIOSO" />
		<Vehicle name="DILETTANTE" />
		<Vehicle name="DILETTANTE2" /><!-- Merryweather Dilettante -->
		<Vehicle name="ISSI5" /><!-- Future Shock Issi -->
		<Vehicle name="ISSI2" />
		<Vehicle name="ISSI3" /><!-- Issi Classic -->
		<Vehicle name="ISSI6" /><!-- Nightmare Issi -->
		<Vehicle name="PANTO" />
		<Vehicle name="PRAIRIE" />
		<Vehicle name="RHAPSODY" />
	</Category>
	<Category name="Pickup">
		<Vehicle name="BISON" />
		<Vehicle name="BISON2" /><!-- McGill-Olsen Bison -->
		<Vehicle name="BISON3" /><!-- Mighty Bush Bison -->
		<Vehicle name="CONTENDER" />
		<Vehicle name="DUBSTA3" /><!-- Dubsta 6x6 -->
		<Vehicle name="GUARDIAN" />
		<Vehicle name="PICADOR" />
		<Vehicle name="SADLER" />
		<Vehicle name="SADLER2" /><!-- Sadler North Yankton variant -->
		<Vehicle name="SLAMVAN" />
		<Vehicle name="SLAMVAN3" /><!-- Slamvan Custom -->
		<Vehicle name="YOSEMITE" />
	</Category>
	<Category name="Van">
		<Vehicle name="BOXVILLE5" /><!-- Armored Boxville -->
		<Vehicle name="BISON" />
		<Vehicle name="BISON2" /><!-- McGill-Olsen Bison -->
		<Vehicle name="BISON3" /><!-- Mighty Bush Bison -->
		<Vehicle name="BOBCATXL" />
		<Vehicle name="BOXVILLE" /><!-- LSDWP Boxville -->
		<Vehicle name="BOXVILLE2" /><!-- Go Postal Boxville -->
		<Vehicle name="BOXVILLE3" /><!-- Humane Labs Boxville -->
		<Vehicle name="BOXVILLE4" /><!-- PostOp Boxville -->
		<Vehicle name="BURRITO" />
		<Vehicle name="BURRITO2" /><!-- Burrito Bugstars variant -->
		<Vehicle name="BURRITO3" /><!-- Burrito civilian variant -->
		<Vehicle name="BURRITO4" /><!-- Burrito McGill-Olsen variant -->
		<Vehicle name="BURRITO5" /><!-- Burrito North Yankton variant -->
		<Vehicle name="CAMPER" />
		<Vehicle name="SPEEDO2" /><!-- Clown Van -->
		<Vehicle name="GBURRITO" /><!-- Gang Burrito Lost MC variant -->
		<Vehicle name="GBURRITO2" /><!-- Gang Burrito heist variant -->
		<Vehicle name="JOURNEY" />
		<Vehicle name="MINIVAN" />
		<Vehicle name="MINIVAN2" /><!-- Minivan Custom -->
		<Vehicle name="PARADISE" />
		<Vehicle name="PONY" />
		<Vehicle name="PONY2" /><!-- Pony Smoke on the Water variant -->
		<Vehicle name="RUMPO" />
		<Vehicle name="RUMPO2" /><!-- Rumpo Deludamol variant -->
		<Vehicle name="RUMPO3" /><!-- Rumpo Custom -->
		<Vehicle name="SPEEDO" />
		<Vehicle name="SPEEDO4" /><!-- Speedo Custom -->
		<Vehicle name="SURFER" />
		<Vehicle name="SURFER2" /><!-- Surfer beater variant -->
		<Vehicle name="TACO" />
		<Vehicle name="YOUGA" />
		<Vehicle name="YOUGA2" /><!-- Youga Classic -->
	</Category>
	<Category name="Service"><!-- Service + Utility -->
		<Vehicle name="AIRBUS" />
		<Vehicle name="AIRTUG" />
		<Vehicle name="BRICKADE" />
		<Vehicle name="BULLDOZER" />
		<Vehicle name="BUS" />
		<Vehicle name="CABLECAR" />
		<Vehicle name="CADDY" /><!-- Caddy golf variant -->
		<Vehicle name="CADDY2" /><!-- Caddy civilian variant -->
		<Vehicle name="CADDY3" /><!-- Caddy bunker variant -->
		<Vehicle name="COACH" /><!-- Dashound -->
		<Vehicle name="DOCKTUG" />
		<Vehicle name="RALLYTRUCK" /><!-- Dune -->
		<Vehicle name="PBUS2" /><!-- Festival Bus -->
		<Vehicle name="TRACTOR2" /><!-- Fieldmaster -->
		<Vehicle name="TRACTOR3" /><!-- Fieldmaster North Yankton variant -->
		<Vehicle name="FORKLIFT" />
		<Vehicle name="MOWER" />
		<Vehicle name="RENTALBUS" /><!-- Rental Shuttle Bus -->
		<Vehicle name="RIPLEY" />
		<Vehicle name="SADLER" />
		<Vehicle name="SADLER2" /><!-- Sadler North Yankton variant -->
		<Vehicle name="SCRAP" />
		<Vehicle name="TAXI" />
		<Vehicle name="TOURBUS" />
		<Vehicle name="TOWTRUCK2" /><!-- Tow Truck Slamvan variant -->
		<Vehicle name="TOWTRUCK" /><!-- Towtruck Yankee variant -->
		<Vehicle name="TRACTOR" />
		<Vehicle name="TRASH" />
		<Vehicle name="TRASH2" /><!-- Trashmaster heist variant -->
		<Vehicle name="UTILLITRUCK" /><!-- Utility Truck cherry picker variant -->
		<Vehicle name="UTILLITRUCK2" /><!-- Utility Truck flatbed variant -->
		<Vehicle name="UTILLITRUCK3" /><!-- Utility Truck pick-up variant -->
		<Vehicle name="WASTLNDR" />
	</Category>
	<Category name="Trailer">
		<Vehicle name="ARMYTANKER" />
		<Vehicle name="ARMYTRAILER" />
		<Vehicle name="ARMYTRAILER2" />
		<Vehicle name="BALETRAILER" />
		<Vehicle name="BOATTRAILER" />
		<Vehicle name="DOCKTRAILER" />
		<Vehicle name="FREIGHTTRAILER" />
		<Vehicle name="GRAINTRAILER" />
		<Vehicle name="PROPTRAILER" />
		<Vehicle name="RAKETRAILER" />
		<Vehicle name="TANKER" />
		<Vehicle name="TANKER2" />
		<Vehicle name="TR2" />
		<Vehicle name="TR3" />
		<Vehicle name="TR4" />
		<Vehicle name="TRAILERLOGS" />
		<Vehicle name="TRAILERS" />
		<Vehicle name="TRAILERS2" />
		<Vehicle name="TRAILERS3" />
		<Vehicle name="TRAILERS4" />
		<Vehicle name="TRAILERLARGE" />
		<Vehicle name="TRAILERSMALL" />
		<Vehicle name="TRAILERSMALL2" />
		<Vehicle name="TRFLAT" />
		<Vehicle name="TVTRAILER" />
	</Category>
	<Category name="Train">
		<Vehicle name="FREIGHT" />
		<Vehicle name="FREIGHTCAR" />
		<Vehicle name="FREIGHTCONT1" />
		<Vehicle name="FREIGHTCONT2" />
		<Vehicle name="FREIGHTGRAIN" />
		<Vehicle name="METROTRAIN" />
		<Vehicle name="TANKERCAR" />
	</Category>
	<Category name="Emergency"><!-- Emergency + Military -->
		<Vehicle name="SCARAB" /><!-- Apocalypse Scarab -->
		<Vehicle name="APC" />
		<Vehicle name="AMBULANCE" />
		<Vehicle name="BARRACKS" />
		<Vehicle name="BARRACKS2" /><!-- Barracks Semi -->
		<Vehicle name="BARRAGE" />
		<Vehicle name="CHERNOBOG" />
		<Vehicle name="CRUSADER" />
		<Vehicle name="FBI" /><!-- FIB Buffalo -->
		<Vehicle name="FBI2" /><!-- FIB Granger -->
		<Vehicle name="FIRETRUK" />
		<Vehicle name="HALFTRACK" />
		<Vehicle name="SCARAB2" /><!-- Future Shock Scarab -->
		<Vehicle name="LGUARD" />
		<Vehicle name="SCARAB3" /><!-- Nightmare Scarab -->
		<Vehicle name="PRANGER" /><!-- Park Ranger -->
		<Vehicle name="POLICEB" /><!-- Police Bike -->
		<Vehicle name="POLICE2" /><!-- Police Cruiser Buffalo -->
		<Vehicle name="POLICE" /><!-- Police Cruiser Stanier -->
		<Vehicle name="POLICE3" /><!-- Police Cruiser Interceptor -->
		<Vehicle name="POLICEOLD1" /><!-- Police Rancher -->
		<Vehicle name="RIOT" /><!-- Police Riot -->
		<Vehicle name="POLICEOLD2" /><!-- Police Roadcruiser -->
		<Vehicle name="POLICET" /><!-- Police Transporter -->
		<Vehicle name="PBUS" /><!-- Prison Bus -->
		<Vehicle name="RIOT2" /><!-- RCV -->
		<Vehicle name="RHINO" />
		<Vehicle name="SHERIFF" /><!-- Sheriff Cruiser -->
		<Vehicle name="SHERIFF2" /><!-- Sheriff SUV -->
		<Vehicle name="THRUSTER" />
		<Vehicle name="KHANJALI" /><!-- TM-02 Khanjali -->
		<Vehicle name="POLICE4" /><!-- Unmarked Cruiser -->
	</Category>
	<Category name="Motorcycle">
		<Vehicle name="AKUMA" />
		<Vehicle name="DEATHBIKE" /><!-- Apocalypse Deathbike -->
		<Vehicle name="AVARUS" />
		<Vehicle name="BAGGER" />
		<Vehicle name="BATI" />
		<Vehicle name="BATI2" /><!-- Bati 801RR -->
		<Vehicle name="BF400" />
		<Vehicle name="CARBONRS" />
		<Vehicle name="CHIMERA" />
		<Vehicle name="CLIFFHANGER" />
		<Vehicle name="DAEMON" /><!-- Daemon Lost MC variant -->
		<Vehicle name="DAEMON2" /><!-- Daemon Bikers DLC variant -->
		<Vehicle name="DEFILER" />
		<Vehicle name="DIABLOUS" />
		<Vehicle name="DIABLOUS2" /><!-- Diabolus Custom -->
		<Vehicle name="DOUBLE" />
		<Vehicle name="ENDURO" />
		<Vehicle name="ESSKEY" />
		<Vehicle name="FAGGIO2" />
		<Vehicle name="FAGGIO3" /><!-- Faggio Mod -->
		<Vehicle name="FAGGIO" /><!-- Faggio Sport -->
		<Vehicle name="FCR" />
		<Vehicle name="FCR2" /><!-- FCR 1000 Custom -->
		<Vehicle name="DEATHBIKE2" /><!-- Future Shock Deathbike -->
		<Vehicle name="GARGOYLE" />
		<Vehicle name="HAKUCHOU" />
		<Vehicle name="HAKUCHOU2" /><!-- Hakuchou Drag -->
		<Vehicle name="HEXER" />
		<Vehicle name="INNOVATION" />
		<Vehicle name="LECTRO" />
		<Vehicle name="MANCHEZ" />
		<Vehicle name="NEMESIS" />
		<Vehicle name="NIGHTBLADE" />
		<Vehicle name="DEATHBIKE3" /><!-- Nightmare Deathbike -->
		<Vehicle name="OPPRESSOR" />
		<Vehicle name="OPPRESSOR2" /><!-- Oppressor Mk II -->
		<Vehicle name="PCJ" />
		<Vehicle name="RROCKET" /><!-- Rampant Rocket -->
		<Vehicle name="RATBIKE" />
		<Vehicle name="RUFFIAN" />
		<Vehicle name="SANCHEZ" /><!-- Sanchez livery variant -->
		<Vehicle name="SANCHEZ2" />
		<Vehicle name="SANCTUS" />
		<Vehicle name="SHOTARO" />
		<Vehicle name="SOVEREIGN" />
		<Vehicle name="THRUST" />
		<Vehicle name="VADER" />
		<Vehicle name="VINDICATOR" />
		<Vehicle name="VORTEX" />
		<Vehicle name="WOLFSBANE" />
		<Vehicle name="ZOMBIEA" /><!-- Zombie Bobber -->
		<Vehicle name="ZOMBIEB" /><!-- Zombie Chopper -->
	</Category>
	<Category name="Bicycle">
		<Vehicle name="BMX" />
		<Vehicle name="CRUISER" />
		<Vehicle name="TRIBIKE2" /><!-- Endurex Race Bike -->
		<Vehicle name="FIXTER" />
		<Vehicle name="SCORCHER" />
		<Vehicle name="TRIBIKE3" /><!-- Tri-Cycles Race Bike -->
		<Vehicle name="TRIBIKE" /><!-- Whippet Race Bike -->
	</Category>
	<Category name="Plane">
		<Vehicle name="ALPHAZ1" />
		<Vehicle name="BLIMP" /><!-- Atomic Blimp -->
		<Vehicle name="AVENGER" />
		<Vehicle name="AVENGER2" /><!-- Avenger with folded wings -->
		<Vehicle name="STRIKEFORCE" /><!-- B-11 Strikeforce -->
		<Vehicle name="BESRA" />
		<Vehicle name="BLIMP3" />
		<Vehicle name="CARGOPLANE" />
		<Vehicle name="CUBAN800" />
		<Vehicle name="DODO" />
		<Vehicle name="DUSTER" />
		<Vehicle name="HOWARD" /><!-- Howard NX-25 -->
		<Vehicle name="HYDRA" />
		<Vehicle name="JET" />
		<Vehicle name="STARLING" /><!-- LF-22 Starling -->
		<Vehicle name="LUXOR" />
		<Vehicle name="LUXOR2" /><!-- Luxor Deluxe -->
		<Vehicle name="STUNT" /><!-- Mallard -->
		<Vehicle name="MAMMATUS" />
		<Vehicle name="MILJET" />
		<Vehicle name="MOGUL" />
		<Vehicle name="NIMBUS" />
		<Vehicle name="NOKOTA" /><!-- P-45 Nokota -->
		<Vehicle name="LAZER" /><!-- P-996 LAZER -->
		<Vehicle name="PYRO" />
		<Vehicle name="BOMBUSHKA" /><!-- RM-10 Bombushka -->
		<Vehicle name="ROGUE" />
		<Vehicle name="SEABREEZE" />
		<Vehicle name="SHAMAL" />
		<Vehicle name="TITAN" />
		<Vehicle name="TULA" />
		<Vehicle name="MICROLIGHT" /><!-- Ultralight -->
		<Vehicle name="MOLOTOK" /><!-- V-65 Molotok -->
		<Vehicle name="VELUM" />
		<Vehicle name="VELUM2" /><!-- Velum 5-Seater -->
		<Vehicle name="VESTRA" />
		<Vehicle name="VOLATOL" />
		<Vehicle name="BLIMP2" /><!-- Xero Blimp -->
	</Category>
	<Category name="Helicopter">
		<Vehicle name="AKULA" />
		<Vehicle name="ANNIHILATOR" />
		<Vehicle name="BUZZARD2" /><!-- Buzzard -->
		<Vehicle name="BUZZARD" /><!-- Buzzard Attack Chopper -->
		<Vehicle name="CARGOBOB" /><!-- Military Cargobob -->
		<Vehicle name="CARGOBOB2" /><!-- Jetsam Cargobob -->
		<Vehicle name="CARGOBOB3" /><!-- Cargobob Trevor Philips Industries variant -->
		<Vehicle name="CARGOBOB4" /><!-- Cargobob Drop Zone variant -->
		<Vehicle name="HUNTER" /><!-- FH-1 Hunter -->
		<Vehicle name="FROGGER" />
		<Vehicle name="FROGGER2" /><!-- Frogger Trevor Philips Industries variant -->
		<Vehicle name="HAVOK" />
		<Vehicle name="MAVERICK" />
		<Vehicle name="POLMAV" />
		<Vehicle name="SAVAGE" />
		<Vehicle name="SEASPARROW" />
		<Vehicle name="SKYLIFT" />
		<Vehicle name="SUPERVOLITO" />
		<Vehicle name="SUPERVOLITO2" /><!-- SuperVolito Carbon -->
		<Vehicle name="SWIFT" />
		<Vehicle name="SWIFT2" /><!-- Swift Deluxe -->
		<Vehicle name="VALKYRIE" />
		<Vehicle name="VALKYRIE2" /><!-- Valkyrie MOD.0 -->
		<Vehicle name="VOLATUS" />
	</Category>
	<Category name="Boat">
		<Vehicle name="DINGHY" />
		<Vehicle name="DINGHY2" /><!-- Dinghy 2-seater variant -->
		<Vehicle name="DINGHY3" /><!-- Dinghy heist variant -->
		<Vehicle name="DINGHY4" /><!-- Dinghy yacht variant -->
		<Vehicle name="JETMAX" />
		<Vehicle name="SUBMERSIBLE2" /><!-- Kraken -->
		<Vehicle name="MARQUIS" />
		<Vehicle name="PREDATOR" />
		<Vehicle name="SEASHARK" />
		<Vehicle name="SEASHARK2" /><!-- Lifeguard Seashark -->
		<Vehicle name="SEASHARK3" /><!-- Seashark yacht variant -->
		<Vehicle name="SPEEDER" />
		<Vehicle name="SPEEDER2" /><!-- Speeder yacht variant -->
		<Vehicle name="SQUALO" />
		<Vehicle name="SUBMERSIBLE" />
		<Vehicle name="SUNTRAP" />
		<Vehicle name="TORO" />
		<Vehicle name="TORO2" /><!-- Toro yacht variant -->
		<Vehicle name="TROPIC" />
		<Vehicle name="TROPIC2" /><!-- Tropic yacht variant -->
		<Vehicle name="TUG" />
	</Category>
</VehicleList>
